# surface	reading	category	note
STEINS;GATE	シュタインズゲート	title	表记可能因字幕来源不同而变化
Steins;Gate	シュタインズゲート	title	表记可能因字幕来源不同而变化
運命石の扉	シュタインズゲート	term	以实际台词读音为准
シュタインズ・ゲート	シュタインズゲート	term	中点不发音
岡部倫太郎	おかべりんたろう	character
鳳凰院凶真	ほうおういんきょうま	character
牧瀬紅莉栖	まきせくりす	character
橋田至	はしだいたる	character
椎名まゆり	しいなまゆり	character
桐生萌郁	きりゅうもえか	character
漆原るか	うるしばらるか	character
秋葉留未穂	あきはるみほ	character
阿万音鈴羽	あまねすずは	character
天王寺裕吾	てんのうじゆうご	character
天王寺綯	てんのうじなえ	character
中鉢博士	なかばちはかせ	character
比屋定真帆	ひやじょうまほ	character
椎名かがり	しいなかがり	character
阿万音由季	あまねゆき	character
アレクシス・レスキネン	アレクシスレスキネン	character	中点不发音
ジュディ・レイエス	ジュディレイエス	character	中点不发音
アマデウス	アマデウス	term
未来ガジェット研究所	みらいガジェットけんきゅうじょ	organization
未来ガジェット	みらいガジェット	term
世界線変動率	せかいせんへんどうりつ	term
世界線収束範囲	アトラクタフィールド	term	以实际台词读音为准
世界線	せかいせん	term
SERN	セルン	organization
CERN	セルン	organization	部分字幕可能使用现实组织拼写
DURPA	ダーパ	organization
IBN 5100	アイビーエヌごせんひゃく	device	请逐条核对数字实际读法
IBN5100	アイビーエヌごせんひゃく	device	请逐条核对数字实际读法
Dメール	ディーメール	term
D-RINE	ディーライン	term
Dライン	ディーライン	term
電話レンジ(仮)	でんわレンジかり	device	NFKC 后的标准写法
リーディング・シュタイナー	リーディングシュタイナー	term	中点不发音
ダイバージェンスメーター	ダイバージェンスメーター	device
アトラクタフィールド	アトラクタフィールド	term
タイムリープマシン	タイムリープマシン	device
タイムリープ	タイムリープ	term
オペレーション・スクルド	オペレーションスクルド	operation	中点不发音
オペレーション・アークライト	オペレーションアークライト	operation	中点不发音
オペレーション・アルタイル	オペレーションアルタイル	operation	中点不发音
雷ネット翔	らいネットかける	term	以实际台词读音为准
エル・プサイ・コングルゥ	エルプサイコングルゥ	phrase	中点不发音
トゥットゥルー	トゥットゥルー	phrase
ラボメン	ラボメン	term
クリスティーナ	クリスティーナ	nickname
まゆしぃ	まゆしぃ	nickname
ドクターペッパー	ドクターペッパー	term
ドクペ	ドクペ	term
メタルうーぱ	メタルうーぱ	term
